Player,Pos,Age,Tm,G,MP,PER,TS%,3PAr%,FTr,ORB%,DRB%,TRB%,AST%,STL%,BLK%,TOV%,USG%,OWS,DWS,WS,WS/48,OBPM,DBPM,BPM,VORP
Alex Abrines,SG,25,OKC,3,61,6.0,.474,.737,.000,1.5,6.9,3.9,7.3,0.8,0.0,9.5,13.3,,0.0,0.0,0.0,-0.002,,-3.4,0.1,-3.3,0.0
Jaylen Adams,G,22,ATL,2,5,0.9,.000,1.000,.000,0.0,21.5,10.9,22.2,0.0,0.0,0.0,8.0,,0.0,0.0,0.0,-0.092,,-8.4,-2.8,-11.2,0.0
Steven Adams,C,25,OKC,3,103,20.6,.580,.000,.600,15.5,25.5,20.1,6.3,2.2,2.2,11.6,16.1,,0.2,0.2,0.3,.155,,-0.7,4.1,3.4,0.1
Bam Adebayo,C,21,MIA,3,55,14.7,.515,.053,.632,12.6,29.7,21.0,5.5,0.9,3.0,17.1,20.9,,0.0,0.1,0.1,.097,,-3.8,2.2,-1.6,0.0
LaMarcus Aldridge,C,33,SAS,2,78,18.1,.404,.056,.306,15.4,21.5,18.1,13.1,1.3,4.0,4.7,22.9,,0.0,0.0,0.1,.048,,-4.7,2.1,-2.6,0.0
Jarrett Allen,C,20,BRK,3,85,17.4,.680,.200,.400,7.6,22.4,15.9,0.0,0.0,7.4,21.4,19.1,,0.0,0.1,0.1,.064,,-2.6,-2.8,-5.4,-0.1
Al-Farouq Aminu,F,28,POR,2,56,5.5,.425,.600,.400,0.0,20.4,11.1,2.1,0.8,1.3,5.4,13.7,,0.0,0.1,0.0,.017,,-3.3,-2.1,-5.4,0.0
Kyle Anderson,SF,25,MEM,2,39,5.1,.372,.111,.444,0.0,18.7,8.9,20.0,4.9,2.2,31.7,17.7,,-0.2,0.1,-0.1,-0.123,,-9.7,3.9,-5.8,0.0
Ryan Anderson,PF,30,PHO,2,46,5.8,.333,.600,.000,9.4,9.6,9.5,16.1,0.0,0.0,6.3,15.9,,0.0,0.0,0.0,-0.029,,-3.4,-1.5,-5.0,0.0
Ike Anigbogu,F-C,20,IND,1,3,-25.8,.000,.000,.000,0.0,36.1,18.8,0.0,0.0,32.0,33.3,42.8,,-0.1,0.0,-0.1,-0.914,,-44.3,12.5,-31.8,0.0
Giannis Antetokounmpo,PF,24,MIL,2,67,18.8,.504,.227,.341,10.0,37.6,25.0,33.3,1.4,2.3,21.7,39.5,,-0.1,0.2,0.1,.042,,-1.0,7.5,6.5,0.1
Carmelo Anthony,PF,34,HOU,3,83,3.7,.408,.536,.214,2.5,23.3,12.7,3.1,0.6,0.8,14.0,17.9,,-0.2,0.0,-0.2,-0.105,,-6.2,-1.4,-7.6,-0.1
OG Anunoby,SF,21,TOR,3,68,10.6,.658,.421,.000,4.9,7.1,6.1,2.0,1.4,0.0,13.6,13.5,,0.1,0.1,0.2,.118,,0.2,-0.3,-0.1,0.0
Ryan Arcidiacono,G,24,CHI,2,48,16.2,.786,.714,.000,0.0,10.1,5.4,37.5,0.0,0.0,12.5,7.0,,0.2,0.0,0.1,.149,,2.7,-7.3,-4.6,0.0
Trevor Ariza,SF,33,PHO,2,66,14.5,.654,.789,.105,1.6,16.7,9.1,19.4,0.7,1.3,13.1,15.8,,0.1,0.1,0.2,.120,,2.1,-0.1,2.0,0.1
D.J. Augustin,PG,31,ORL,3,78,8.5,.439,.273,.318,2.4,3.9,3.1,23.3,0.6,0.0,13.8,15.4,,0.0,0.0,0.0,-0.010,,-2.8,-3.8,-6.6,-0.1
Deandre Ayton,F-C,20,PHO,2,59,15.9,.582,.000,.222,3.7,29.9,16.6,20.1,0.8,1.5,9.2,16.8,,0.1,0.1,0.2,.143,,-1.8,2.3,0.5,0.0
Dwayne Bacon,G,23,CHO,1,8,21.5,.595,.400,.400,0.0,0.0,0.0,20.2,0.0,0.0,0.0,30.9,,0.0,0.0,0.0,.279,,5.9,-8.5,-2.6,0.0
Marvin Bagley,F,19,SAC,3,68,18.3,.554,.103,.414,12.3,19.4,15.7,5.4,2.6,1.2,12.7,23.6,,0.1,0.0,0.1,.075,,1.2,-0.5,0.7,0.0
Ron Baker,SG,25,NYK,3,58,0.4,.285,.857,.571,0.0,7.9,3.6,14.8,0.8,0.0,18.6,7.6,,-0.1,0.1,0.0,.002,,-6.2,0.5,-5.8,-0.1
Wade Baldwin,G,22,POR,1,3,-50.2,.000,.500,.000,0.0,63.4,34.4,0.0,0.0,0.0,50.0,54.9,,-0.1,0.0,-0.1,-1.444,,-53.3,-11.5,-64.7,0.0
Lonzo Ball,G,21,LAL,2,46,15.4,.587,.706,.118,6.4,14.6,10.5,13.3,1.0,0.0,5.3,16.5,,0.1,0.0,0.1,.112,,2.0,-0.4,1.6,0.0
Mohamed Bamba,C,20,ORL,3,58,15.0,.533,.375,.125,8.1,13.9,10.9,10.3,0.0,8.4,10.6,13.5,,0.0,0.0,0.1,.073,,-0.7,2.8,2.1,0.1
J.J. Barea,PG,34,DAL,2,42,28.0,.520,.444,.278,2.5,10.2,5.8,67.6,3.4,0.0,4.7,20.6,,0.2,0.0,0.2,.240,,5.7,-6.4,-0.8,0.0
Will Barton,SG,28,DEN,2,54,22.2,.725,.429,.190,0.0,18.3,9.4,20.3,0.9,3.6,11.6,20.0,,0.2,0.1,0.3,.278,,4.4,4.6,9.1,0.2
Nicolas Batum,SG,30,CHO,3,104,11.2,.521,.577,.077,1.9,15.1,8.2,14.9,2.3,1.6,15.7,12.9,,0.0,0.2,0.2,.113,,0.3,3.7,4.0,0.2
Aron Baynes,C,32,BOS,3,45,18.8,.518,.400,.250,21.1,11.3,16.4,10.7,0.0,1.9,8.3,22.4,,0.1,0.1,0.2,.192,,3.3,-0.3,3.0,0.1
Kent Bazemore,SG,29,ATL,3,85,15.8,.626,.500,.321,5.2,19.0,12.1,8.0,2.6,2.6,15.8,18.0,,0.1,0.1,0.2,.107,,-0.8,-0.6,-1.4,0.0
Bradley Beal,G,25,WAS,2,62,24.6,.628,.486,.270,0.0,6.4,3.4,27.2,1.5,1.3,4.6,29.7,,0.2,0.0,0.2,.186,,9.7,-4.4,5.4,0.1
Malik Beasley,SG,22,DEN,3,31,5.5,.450,.400,.000,3.4,12.7,8.2,5.0,3.1,0.0,16.7,16.2,,-0.1,0.1,0.0,.048,,-4.8,4.4,-0.4,0.0
Michael Beasley,F,30,LAL,1,2,5.6,,,,0.0,48.0,24.2,0.0,0.0,0.0,,0.0,,0.0,0.0,0.0,.056,,-12.2,-0.1,-12.4,0.0
Marco Belinelli,SG,32,SAS,2,38,6.5,.423,.417,.417,0.0,15.8,6.9,17.0,0.0,0.0,6.6,16.7,,0.0,0.0,0.0,-0.012,,-6.0,-2.3,-8.3,-0.1
Jordan Bell,C,24,GSW,2,10,14.4,1.136,,,11.8,9.7,10.6,0.0,0.0,9.5,0.0,3.7,,0.0,0.0,0.1,.267,,3.8,2.1,5.9,0.0
DeAndre' Bembry,SF,24,ATL,3,72,8.1,.509,.261,.348,1.5,13.4,7.5,10.9,3.1,1.0,23.2,19.3,,-0.1,0.1,-0.1,-0.042,,-6.4,-0.9,-7.4,-0.1
Dragan Bender,F,21,PHO,1,4,-20.0,.000,1.000,.000,0.0,27.6,13.6,0.0,0.0,0.0,50.0,22.8,,-0.1,0.0,0.0,-0.599,,-24.8,-3.8,-28.6,0.0
Davis Bertans,PF,26,SAS,2,38,23.8,.833,.833,.000,7.3,6.3,6.9,15.7,0.0,2.0,7.7,14.3,,0.2,0.0,0.2,.204,,6.4,-1.9,4.5,0.1
Patrick Beverley,SG,30,LAC,3,68,5.3,.280,.647,.353,1.5,15.7,8.9,25.5,2.9,1.2,16.9,15.0,,-0.2,0.1,0.0,-0.013,,-2.2,4.0,1.8,0.1
Khem Birch,C-F,26,ORL,1,10,-2.6,.000,.000,.000,0.0,10.1,4.8,0.0,0.0,0.0,0.0,4.1,,0.0,0.0,0.0,-0.098,,-9.6,-1.4,-10.9,0.0
Bismack Biyombo,C-F,26,CHO,1,5,12.5,1.000,.000,.000,0.0,0.0,0.0,0.0,0.0,0.0,0.0,8.4,,0.0,0.0,0.0,.190,,3.5,-1.3,2.2,0.0
Nemanja Bjelica,PF,30,SAC,3,69,21.6,.739,.261,.000,1.5,20.7,10.9,12.4,2.6,1.2,4.2,14.2,,0.2,0.0,0.3,.192,,6.5,1.5,8.0,0.2
Antonio Blakeney,G,22,CHI,2,52,12.5,.536,.136,.136,0.0,16.8,9.0,5.5,0.9,0.0,4.1,19.6,,0.0,0.0,0.0,.003,,-2.0,-4.9,-7.0,-0.1
Eric Bledsoe,PG,29,MIL,2,60,22.2,.659,.455,.000,9.3,7.8,8.5,24.0,1.5,3.9,8.3,16.4,,0.2,0.1,0.4,.286,,8.2,4.6,12.8,0.2
Bojan Bogdanovic,SF,29,IND,3,82,11.4,.672,.333,.333,0.0,17.2,8.9,0.0,0.0,0.0,15.4,17.0,,0.1,0.1,0.2,.115,,-1.6,-2.0,-3.6,0.0
Jonah Bolden,F,23,PHI,2,4,-12.9,.000,1.000,.000,0.0,0.0,0.0,0.0,0.0,0.0,0.0,10.6,,0.0,0.0,0.0,-0.236,,-12.2,-3.4,-15.6,0.0
Devin Booker,SG,22,PHO,2,70,24.0,.680,.471,.676,0.0,9.5,4.7,38.6,0.7,0.0,16.9,34.6,,0.2,0.0,0.3,.197,,7.8,-3.8,4.0,0.1
Avery Bradley,SG,28,LAC,3,81,3.0,.326,.348,.000,3.9,2.4,3.1,8.9,1.8,2.0,11.5,13.9,,-0.2,0.1,-0.1,-0.042,,-2.8,2.5,-0.2,0.0
Mikal Bridges,G,22,PHO,2,15,36.5,.776,.667,.167,7.2,22.1,14.5,27.0,6.6,0.0,0.0,19.6,,0.1,0.0,0.1,.357,,13.8,4.4,18.2,0.1
Miles Bridges,G-F,20,CHO,2,29,22.2,.810,.444,.222,6.7,21.6,13.9,15.6,0.0,2.9,16.8,17.2,,0.1,0.1,0.2,.255,,5.8,1.8,7.7,0.1
Isaiah Briscoe,G,22,ORL,2,16,17.0,.601,.143,.429,0.0,6.3,3.0,33.8,0.0,0.0,10.7,24.1,,0.0,0.0,0.0,.086,,2.3,-6.3,-4.0,0.0
Ryan Broekhoff,F,28,DAL,2,8,11.0,.500,1.000,.000,0.0,17.9,7.6,0.0,0.0,0.0,0.0,30.7,,0.0,0.0,0.0,-0.077,,-1.4,-14.2,-15.5,0.0
Malcolm Brogdon,PG,26,MIL,2,65,14.3,.678,.556,.056,0.0,10.0,5.5,27.0,2.1,0.0,24.5,15.4,,0.1,0.1,0.2,.164,,3.1,2.4,5.5,0.1
Dillon Brooks,SF,23,MEM,2,23,-10.5,.205,.125,.500,4.8,0.0,2.5,6.4,0.0,0.0,17.0,22.4,,-0.2,0.0,-0.2,-0.366,,-15.1,-4.9,-20.0,-0.1
MarShon Brooks,SG,30,MEM,1,22,4.8,.373,.333,.778,0.0,11.0,5.3,7.2,0.0,0.0,0.0,24.0,,-0.1,0.0,-0.1,-0.121,,-7.8,-5.7,-13.5,-0.1
Bruce Brown,G,22,DET,1,19,-6.7,.000,.667,.000,0.0,13.8,5.8,6.3,0.0,4.2,25.0,8.6,,-0.1,0.0,0.0,-0.124,,-13.8,4.6,-9.2,0.0
Jaylen Brown,SG,22,BOS,3,91,6.0,.456,.344,.219,6.2,9.0,7.6,6.6,0.5,0.0,12.5,18.3,,-0.1,0.2,0.1,.038,,-3.9,-0.3,-4.2,-0.1
Lorenzo Brown,PG,28,TOR,2,10,-7.8,.000,1.000,.000,0.0,19.2,10.3,0.0,0.0,0.0,50.0,8.4,,0.0,0.0,0.0,-0.167,,-12.6,-0.5,-13.2,0.0
Sterling Brown,SG,23,MIL,2,4,18.6,1.000,.000,.000,0.0,0.0,0.0,0.0,0.0,0.0,0.0,10.3,,0.0,0.0,0.0,.220,,5.6,0.0,5.6,0.0
Jalen Brunson,G,22,DAL,2,39,5.7,.500,.700,.000,0.0,3.7,1.6,6.4,1.2,0.0,9.1,11.5,,0.0,-0.1,-0.1,-0.074,,-4.0,-5.3,-9.3,-0.1
Reggie Bullock,G-F,27,DET,1,30,11.2,.526,.308,.385,0.0,4.4,1.8,5.0,1.6,2.6,11.6,23.3,,0.0,0.0,0.1,.087,,-6.0,0.4,-5.6,0.0
Trey Burke,PG,26,NYK,3,81,15.4,.470,.353,.147,4.7,10.0,7.1,31.8,1.7,0.0,7.7,19.8,,0.1,0.1,0.2,.118,,0.4,0.0,0.4,0.0
Alec Burks,SG,27,UTA,2,30,17.6,.556,.429,.357,0.0,12.0,5.9,19.7,1.5,0.0,5.8,23.9,,0.1,0.0,0.1,.117,,2.1,0.0,2.1,0.0
Deonte Burton,G,27,OKC,2,8,21.4,.625,.500,.000,0.0,13.1,6.0,0.0,0.0,9.4,0.0,19.3,,0.0,0.0,0.0,.159,,-1.2,1.1,-0.1,0.0
Jimmy Butler,SG,29,MIN,2,68,34.9,.659,.143,.486,8.9,13.9,11.6,14.6,5.5,3.4,6.6,27.7,,0.4,0.1,0.4,.298,,5.3,-0.3,5.0,0.1
Jose Calderon,G,37,DET,1,4,-10.0,.000,.000,.000,0.0,32.9,13.7,0.0,0.0,0.0,0.0,10.2,,0.0,0.0,0.0,-0.166,,-19.2,-1.0,-20.2,0.0
Kentavious Caldwell-Pope,G,25,LAL,2,45,3.3,.392,.364,.364,0.0,10.7,5.4,2.5,0.0,0.0,0.0,11.4,,0.0,0.0,-0.1,-0.059,,-7.0,-0.9,-8.0,-0.1
Isaiah Canaan,PG,27,PHO,2,63,12.4,.595,.556,.167,3.4,14.0,8.7,22.6,0.8,0.0,13.4,16.2,,0.1,0.0,0.1,.101,,0.9,-0.8,0.1,0.0
Clint Capela,C,24,HOU,3,93,19.1,.607,.000,.128,5.6,24.3,14.7,10.5,0.0,3.8,8.8,20.2,,0.2,0.0,0.2,.105,,-0.1,1.1,1.0,0.1
Vince Carter,SF,42,ATL,3,57,8.9,.578,.684,.316,0.0,7.5,3.8,6.7,0.8,1.3,12.2,17.4,,0.0,0.0,0.1,.043,,-2.4,-4.5,-6.9,-0.1
Wendell Carter,C,19,CHI,2,38,9.7,.500,.000,.000,3.0,10.2,6.9,14.9,0.0,6.4,15.8,21.0,,-0.1,0.0,-0.1,-0.070,,-4.3,-1.6,-5.9,0.0
Michael Carter-Williams,PG,27,HOU,3,34,3.8,.338,.188,.250,6.1,19.0,12.4,20.2,1.4,6.2,22.0,27.8,,-0.2,0.0,-0.2,-0.225,,-9.6,3.3,-6.3,0.0
Omri Casspi,F,30,MEM,1,24,13.4,.517,.250,.750,4.6,15.2,9.6,15.1,0.0,0.0,0.0,19.4,,0.0,0.0,0.0,.070,,-0.9,-3.5,-4.4,0.0
Willie Cauley-Stein,C,25,SAC,3,87,23.8,.624,.000,.275,9.6,16.4,12.9,10.8,1.0,1.8,4.3,22.0,,0.3,0.0,0.3,.176,,5.4,-0.6,4.8,0.1
Tyson Chandler,C,36,PHO,2,29,6.8,.379,,,3.7,45.7,24.5,9.1,1.7,0.0,0.0,4.2,,0.0,0.1,0.1,.122,,-5.8,4.0,-1.7,0.0
Gary Clark,F,24,HOU,2,4,-19.6,.000,1.000,.000,0.0,0.0,0.0,0.0,0.0,0.0,0.0,10.4,,0.0,0.0,0.0,-0.287,,-9.1,-2.7,-11.7,0.0
Ian Clark,G,27,NOP,1,18,21.0,1.332,.750,.500,0.0,0.0,0.0,6.2,0.0,0.0,29.1,15.0,,0.1,0.0,0.1,.175,,10.4,-2.9,7.5,0.0
Jordan Clarkson,SG,26,CLE,3,70,19.8,.607,.268,.146,1.4,14.8,7.6,7.7,0.7,1.2,8.4,27.1,,0.1,0.0,0.1,.076,,-0.4,-5.1,-5.5,-0.1
Zach Collins,C-F,21,POR,2,42,19.8,.860,.444,.222,5.4,20.4,13.5,6.3,1.1,10.3,23.3,12.6,,0.1,0.1,0.2,.200,,3.3,4.5,7.7,0.1
Darren Collison,PG,31,IND,3,71,9.5,.554,.263,.211,1.6,6.1,4.0,18.9,1.4,0.0,22.4,16.1,,0.0,0.1,0.1,.079,,-1.1,1.0,-0.1,0.0
Mike Conley,PG,31,MEM,2,54,17.5,.507,.417,.250,2.0,11.3,6.4,47.0,0.9,0.0,3.6,22.4,,0.1,0.0,0.1,.114,,3.6,-4.2,-0.6,0.0
Pat Connaughton,G,26,MIL,1,4,-11.1,.000,.500,.000,0.0,0.0,0.0,27.9,0.0,0.0,0.0,20.5,,0.0,0.0,0.0,-0.317,,-13.7,-5.9,-19.5,0.0
Quinn Cook,PG,25,GSW,3,27,-1.1,.500,.667,.000,0.0,3.6,2.0,4.4,0.0,0.0,25.0,6.2,,0.0,0.0,0.0,-0.004,,-1.7,-1.0,-2.8,0.0
Robert Covington,SF,28,PHI,3,102,12.1,.602,.742,.161,1.0,13.3,7.3,4.0,2.8,2.2,15.3,16.2,,0.0,0.2,0.2,.085,,-2.2,0.9,-1.4,0.0
Allen Crabbe,G-F,26,BRK,2,44,1.9,.493,.769,.385,0.0,15.9,8.9,0.0,0.0,1.6,20.8,18.9,,-0.1,0.0,-0.1,-0.100,,-5.6,-5.8,-11.4,-0.1
Torrey Craig,G-F,28,DEN,2,42,8.2,.438,.750,.000,9.9,14.1,12.1,10.2,1.1,4.7,11.1,9.0,,0.0,0.1,0.1,.153,,-1.2,7.1,5.9,0.1
Jamal Crawford,G,38,PHO,1,7,16.2,.452,.500,1.500,0.0,15.8,7.8,0.0,14.1,0.0,23.1,28.2,,0.0,0.0,0.0,.001,,-7.9,6.3,-1.6,0.0
Jae Crowder,SF,28,UTA,2,62,19.7,.713,.714,1.143,1.9,21.3,11.5,8.6,1.5,0.0,0.0,14.1,,0.3,0.0,0.3,.230,,6.1,2.1,8.1,0.2
Dante Cunningham,SF,31,SAS,2,23,-1.0,.250,.333,.000,4.0,10.4,6.8,10.7,0.0,0.0,14.3,12.7,,-0.1,0.0,-0.1,-0.141,,-9.8,-1.3,-11.1,-0.1
Seth Curry,G,28,POR,2,30,9.8,.563,.500,.083,3.8,12.7,8.6,4.4,0.0,0.0,13.9,19.8,,0.0,0.0,0.0,.035,,-0.5,-4.8,-5.3,0.0
Stephen Curry,PG,30,GSW,3,113,25.8,.651,.507,.149,1.0,12.8,7.5,35.0,1.3,0.0,11.2,30.0,,0.4,0.1,0.6,.245,,12.2,-1.8,10.4,0.4
Troy Daniels,SG,27,PHO,1,4,10.0,,,,27.0,0.0,13.6,0.0,0.0,0.0,,0.0,,0.0,0.0,0.0,.158,,0.1,-1.0,-1.0,0.0
Anthony Davis,PF,25,NOP,2,66,38.3,.689,.030,.576,10.3,30.0,20.8,26.3,3.4,6.3,10.8,27.5,,0.4,0.1,0.6,.411,,8.7,9.8,18.5,0.3
Ed Davis,C,29,BRK,3,51,20.0,.644,.000,.455,12.6,39.2,27.6,14.4,1.9,2.8,18.5,13.8,,0.1,0.1,0.2,.174,,1.5,2.8,4.3,0.1
Sam Dekker,PF,24,CLE,3,40,15.7,.633,.500,.600,7.5,25.9,16.1,6.7,3.5,0.0,19.2,15.6,,0.0,0.0,0.1,.080,,-1.5,-0.6,-2.1,0.0
Matthew Dellavedova,G,28,MIL,1,4,-6.4,.000,.000,.000,0.0,23.3,12.7,0.0,0.0,0.0,0.0,10.3,,0.0,0.0,0.0,-0.163,,-13.2,0.5,-12.6,0.0
DeMar DeRozan,SG,29,SAS,2,73,22.4,.555,.093,.395,1.3,9.9,5.0,31.4,1.4,0.0,9.0,31.7,,0.2,0.0,0.2,.121,,1.3,-2.7,-1.4,0.0
Cheick Diallo,PF,22,NOP,2,6,23.4,1.000,.000,.000,0.0,66.0,35.2,0.0,0.0,0.0,33.3,19.6,,0.0,0.0,0.0,.061,,-5.8,-4.1,-9.9,0.0
Hamidou Diallo,G,20,OKC,3,38,18.2,.634,.167,.417,7.0,5.5,6.3,13.1,3.7,0.0,6.6,15.4,,0.1,0.0,0.1,.179,,2.0,2.7,4.8,0.1
Gorgui Dieng,C,29,MIN,3,52,25.9,.737,.222,.556,9.3,22.2,16.2,11.8,2.7,3.0,11.8,20.2,,0.2,0.0,0.3,.237,,3.4,-1.7,1.8,0.0
Spencer Dinwiddie,PG,25,BRK,3,90,11.4,.512,.341,.220,1.4,7.8,5.0,28.7,1.1,0.0,16.7,26.0,,0.0,0.0,0.0,-0.015,,-0.2,-4.5,-4.7,-0.1
Donte DiVincenzo,G,22,MIL,2,42,6.9,.627,.727,.364,2.7,6.7,4.8,3.1,2.2,0.0,28.2,17.3,,0.0,0.1,0.0,.035,,-0.1,2.5,2.4,0.0
Luka Doncic,G-F,19,DAL,2,68,8.9,.489,.438,.344,4.7,23.2,12.6,14.4,1.4,1.4,21.3,28.2,,-0.2,-0.1,-0.2,-0.163,,-6.9,-3.9,-10.8,-0.2
Tyler Dorsey,SG,22,ATL,2,27,4.9,.409,.273,.000,0.0,11.9,6.0,9.8,0.0,0.0,0.0,16.4,,0.0,0.0,0.0,-0.030,,-6.5,-5.2,-11.7,-0.1
Damyean Dotson,G,24,NYK,1,22,18.8,.625,.625,.000,0.0,10.5,4.8,14.0,4.3,0.0,0.0,14.9,,0.1,0.0,0.1,.234,,2.8,1.8,4.6,0.0
Goran Dragic,PG,32,MIA,3,103,14.4,.493,.388,.265,3.8,9.9,6.8,29.4,0.5,1.6,11.3,23.5,,0.1,0.1,0.2,.102,,1.9,0.4,2.2,0.1
Andre Drummond,C,25,DET,2,56,19.4,.475,.147,.118,21.8,47.0,32.3,6.3,0.0,2.8,12.3,29.6,,0.0,0.1,0.1,.092,,-7.0,-0.2,-7.2,-0.1
Jared Dudley,PF,33,BRK,3,86,7.7,.396,.692,.154,4.5,8.1,6.5,15.0,2.3,0.0,0.0,7.0,,0.1,0.0,0.1,.062,,1.4,-0.5,0.9,0.1
Kevin Durant,PF,30,GSW,3,116,22.7,.556,.154,.400,1.0,22.5,12.8,27.7,1.2,2.5,10.5,31.1,,0.2,0.2,0.5,.187,,3.6,1.7,5.3,0.2
Joel Embiid,C,24,PHI,3,103,26.3,.598,.197,.377,6.9,23.5,15.4,14.0,0.9,4.4,9.0,32.0,,0.2,0.2,0.4,.206,,1.3,0.1,1.3,0.1
James Ennis,SF,28,HOU,3,70,8.5,.526,.737,.000,8.9,4.6,6.8,5.5,2.0,0.0,9.5,12.5,,0.1,0.0,0.1,.042,,2.0,-0.3,1.8,0.1
Drew Eubanks,F,21,SAS,1,3,13.2,.500,.000,.000,0.0,0.0,0.0,0.0,0.0,0.0,0.0,27.8,,0.0,0.0,0.0,-0.044,,-6.9,-7.2,-14.1,0.0
Tyreke Evans,PG,29,IND,3,68,21.0,.520,.265,.235,3.4,15.9,9.9,24.9,3.5,2.8,9.6,26.1,,0.1,0.2,0.3,.190,,2.3,5.0,7.2,0.2
Dante Exum,PG,23,UTA,2,44,19.1,.690,.286,.786,2.7,13.6,8.1,13.7,0.0,0.0,9.6,19.7,,0.2,0.0,0.2,.166,,3.7,0.0,3.7,0.1
Kenneth Faried,F,29,BRK,1,7,51.6,1.000,.000,.000,18.4,14.3,16.1,0.0,7.0,0.0,20.0,31.0,,0.0,0.0,0.0,.328,,13.0,-4.6,8.4,0.0
Derrick Favors,C,27,UTA,2,45,16.8,.661,.077,.769,13.0,24.0,18.4,3.5,2.0,1.5,25.6,21.7,,0.0,0.0,0.0,.051,,-1.4,2.4,1.0,0.0
Raymond Felton,PG,34,OKC,2,32,11.4,.448,.353,.412,2.8,19.7,10.5,20.9,0.0,2.3,13.0,27.8,,0.0,0.0,0.0,-0.032,,-4.0,0.6,-3.4,0.0
Terrance Ferguson,SG,20,OKC,3,63,-3.9,.189,.733,.133,4.2,5.0,4.6,2.1,0.7,0.0,11.2,10.9,,-0.2,0.0,-0.2,-0.138,,-8.5,1.0,-7.5,-0.1
Yogi Ferrell,SG,25,SAC,3,71,13.3,.697,.412,.412,1.5,9.3,5.3,4.7,1.2,1.1,13.0,13.3,,0.1,0.0,0.1,.077,,3.3,-0.7,2.6,0.1
Dorian Finney-Smith,PF,25,DAL,2,60,14.0,.672,.714,.143,7.1,14.3,10.2,8.4,0.8,4.6,11.8,11.5,,0.1,-0.1,0.1,.059,,0.3,-1.6,-1.2,0.0
Bryn Forbes,SG,25,SAS,2,57,14.5,.586,.565,.087,1.6,8.4,4.6,12.9,1.8,0.0,7.7,19.0,,0.1,0.0,0.1,.084,,0.2,-1.9,-1.7,0.0
Evan Fournier,SF,26,ORL,3,82,15.1,.499,.453,.132,1.1,8.6,4.7,20.4,1.2,0.0,5.1,29.8,,0.0,0.0,0.0,.028,,3.4,-4.6,-1.2,0.0
De'Aaron Fox,PG,21,SAC,3,106,19.4,.609,.175,.575,2.0,13.5,7.6,25.9,1.7,0.8,18.0,23.5,,0.2,0.0,0.2,.093,,3.3,-0.5,2.8,0.1
Tim Frazier,G,28,NOP,1,4,-1.7,.000,1.000,.000,0.0,0.0,0.0,22.2,0.0,0.0,0.0,9.8,,0.0,0.0,0.0,-0.105,,-6.6,-4.4,-11.0,0.0
Markelle Fultz,SG,20,PHI,3,79,7.6,.360,.091,.121,6.4,7.3,6.9,24.8,2.4,0.0,12.6,21.2,,-0.2,0.1,-0.1,-0.034,,-6.9,-0.7,-7.6,-0.1
Danilo Gallinari,SF,30,LAC,3,93,20.3,.592,.396,.208,6.7,16.7,11.9,11.9,0.0,0.9,5.4,25.8,,0.2,0.1,0.4,.193,,6.8,-0.7,6.1,0.2
Langston Galloway,SG,27,DET,2,59,7.4,.466,.833,.167,1.6,6.7,3.7,8.9,0.8,0.0,0.0,8.9,,0.1,0.1,0.1,.097,,-3.9,1.1,-2.8,0.0
Marc Gasol,C,34,MEM,2,59,17.7,.558,.333,.667,1.9,24.7,12.7,22.0,2.4,0.0,7.9,18.8,,0.1,0.1,0.2,.131,,0.1,0.2,0.3,0.0
Pau Gasol,C,38,SAS,2,40,21.7,.697,.222,.444,9.2,21.0,14.3,27.4,0.0,0.0,8.5,12.3,,0.2,0.0,0.2,.208,,1.9,-0.5,1.4,0.0
Rudy Gay,PF,32,SAS,2,50,16.3,.580,.200,.080,7.4,24.0,14.6,3.4,0.0,1.5,10.4,24.1,,0.1,0.0,0.0,.048,,-3.9,-3.3,-7.2,-0.1
Paul George,SF,28,OKC,3,108,14.7,.503,.471,.250,0.8,14.6,7.1,18.7,3.9,0.0,13.7,31.2,,-0.1,0.1,0.1,.025,,0.6,1.8,2.4,0.1
Taj Gibson,PF,33,MIN,3,86,12.6,.631,.050,.250,8.4,23.2,16.4,4.7,1.1,0.9,15.3,12.6,,0.1,0.0,0.1,.064,,-2.8,-3.4,-6.2,-0.1
Harry Giles,F-C,20,SAC,3,45,2.0,.343,.000,.174,4.6,22.0,13.1,10.4,1.0,3.5,13.9,26.1,,-0.2,0.0,-0.2,-0.202,,-9.2,0.3,-9.0,-0.1
Shai Gilgeous-Alexander,G,20,LAC,3,77,13.1,.655,.125,.438,1.4,11.4,6.5,23.6,1.3,1.0,26.8,14.7,,0.1,0.1,0.2,.108,,1.0,1.8,2.8,0.1
Rudy Gobert,C,26,UTA,2,72,22.1,.794,.000,1.067,8.1,35.0,21.4,4.0,1.9,3.7,21.4,16.2,,0.2,0.1,0.3,.192,,1.0,4.9,6.0,0.1
Aaron Gordon,PF,23,ORL,3,95,18.8,.554,.256,.410,10.8,28.6,19.4,12.0,1.5,4.3,19.3,24.8,,0.0,0.1,0.1,.067,,-0.4,1.7,1.3,0.1
Eric Gordon,SG,30,HOU,3,94,13.9,.526,.467,.178,1.1,9.1,5.1,6.2,0.5,1.5,2.0,21.9,,0.1,0.0,0.1,.041,,0.4,-2.6,-2.2,0.0
Marcin Gortat,C,34,LAC,3,57,17.2,.592,.000,.385,11.0,29.0,20.3,13.4,0.0,1.4,6.2,12.3,,0.1,0.1,0.3,.219,,2.7,3.2,5.9,0.1
Treveon Graham,SG,25,BRK,2,27,-4.9,.000,.667,.000,4.8,11.1,8.3,4.5,1.8,0.0,40.0,8.0,,-0.1,0.0,-0.1,-0.165,,-6.9,0.4,-6.5,0.0
Jerami Grant,PF,24,OKC,3,85,4.4,.328,.435,.435,4.2,11.1,7.4,8.2,0.5,6.2,12.7,14.2,,-0.2,0.1,-0.1,-0.064,,-7.4,4.7,-2.7,0.0
Jerian Grant,PG,26,ORL,3,58,4.7,.441,.333,.133,0.0,8.7,4.2,7.4,4.1,0.0,23.9,14.9,,-0.1,0.1,-0.1,-0.069,,-5.3,1.1,-4.2,0.0
Danny Green,SG,31,TOR,3,96,11.2,.558,.846,.077,2.3,11.0,7.0,4.0,2.0,2.5,3.6,12.2,,0.1,0.2,0.3,.143,,0.9,2.2,3.1,0.1
Draymond Green,PF,28,GSW,3,99,5.3,.406,.227,.273,4.8,22.5,14.5,18.9,2.4,1.9,36.2,16.5,,-0.3,0.2,-0.1,-0.046,,-4.3,4.3,0.0,0.1
Gerald Green,SG,33,HOU,3,50,16.3,.651,.778,.056,6.2,8.6,7.4,2.9,1.9,1.4,9.8,17.0,,0.1,0.0,0.1,.094,,3.8,-1.2,2.7,0.1
JaMychal Green,PF,28,MEM,2,39,14.2,.472,.133,.133,11.3,24.9,17.8,18.2,4.9,0.0,20.1,22.3,,-0.1,0.1,0.0,.007,,-3.4,2.9,-0.5,0.0
Jeff Green,F,32,WAS,2,53,9.6,.446,.400,.150,2.1,9.3,5.9,5.8,1.8,6.0,8.6,18.7,,-0.1,0.0,0.0,-0.032,,-3.5,1.3,-2.2,0.0
Blake Griffin,PF,29,DET,2,69,33.1,.621,.200,.425,8.2,26.7,15.9,29.3,0.0,1.1,2.1,28.6,,0.5,0.1,0.5,.376,,7.8,1.9,9.7,0.2
Tim Hardaway,SG,26,NYK,3,103,21.9,.553,.412,.265,0.9,11.2,5.6,13.8,2.7,0.0,6.2,32.2,,0.2,0.2,0.4,.173,,3.1,-1.4,1.8,0.1
James Harden,SG,29,HOU,3,112,26.3,.599,.500,.417,2.8,16.3,9.4,40.8,2.9,1.3,15.5,31.2,,0.3,0.1,0.4,.172,,8.3,1.3,9.6,0.3
Maurice Harkless,F-G,25,POR,2,39,16.4,.600,.500,.000,8.7,26.8,18.5,9.6,1.2,5.6,16.7,12.7,,0.1,0.1,0.1,.151,,1.5,2.7,4.2,0.1
Montrezl Harrell,C,25,LAC,3,53,18.8,.589,.000,.368,5.9,29.4,18.0,16.0,0.9,10.6,21.4,22.9,,0.0,0.2,0.2,.143,,-1.1,8.6,7.5,0.1
Devin Harris,PG,35,DAL,1,6,-7.6,.000,.500,.000,0.0,0.0,0.0,18.4,0.0,0.0,0.0,13.6,,0.0,0.0,0.0,-0.335,,-14.3,-10.2,-24.6,0.0
Gary Harris,SG,24,DEN,3,104,19.9,.556,.314,.373,4.0,5.7,4.9,12.5,1.9,1.9,1.7,24.3,,0.3,0.3,0.5,.239,,3.5,2.5,6.0,0.2
Joe Harris,SG,27,BRK,3,91,13.1,.665,.548,.097,1.4,12.1,7.4,15.4,0.5,0.8,17.8,18.7,,0.1,0.0,0.1,.062,,3.0,-3.0,0.0,0.0
Tobias Harris,PF,26,LAC,3,112,18.3,.592,.360,.340,3.7,17.4,10.8,9.7,0.4,2.9,10.9,24.9,,0.1,0.2,0.3,.137,,3.7,1.2,4.9,0.2
Josh Hart,G,23,LAL,2,58,15.3,.570,.400,.200,0.0,14.9,7.5,6.9,3.8,4.2,12.8,21.6,,0.0,0.1,0.0,.029,,-2.8,3.8,1.0,0.0
Isaiah Hartenstein,F,20,HOU,2,11,17.0,1.000,.000,.000,0.0,9.8,4.8,0.0,4.2,6.4,40.0,18.9,,0.0,0.0,0.0,.020,,-2.0,3.7,1.7,0.0
Gordon Hayward,SF,28,BOS,2,49,17.3,.456,.240,.120,7.7,16.7,12.0,6.9,4.9,0.0,3.7,23.2,,0.0,0.2,0.1,.139,,-1.4,2.5,1.1,0.0
John Henson,C,28,MIL,2,34,17.9,.554,.300,.600,16.4,27.4,22.4,0.0,0.0,9.2,13.7,17.7,,0.0,0.1,0.1,.183,,-2.4,2.1,-0.3,0.0
Juan Hernangomez,PF,23,DEN,3,53,13.1,.577,.538,.000,7.9,18.6,13.4,2.9,0.9,3.7,7.1,11.1,,0.1,0.1,0.2,.181,,-1.1,4.9,3.7,0.1
Willy Hernangomez,C,24,CHO,3,42,20.4,.576,.188,.563,18.5,24.8,21.6,10.5,2.3,0.0,16.7,24.0,,0.1,0.1,0.2,.206,,2.5,1.6,4.1,0.1
Mario Hezonja,SF,23,NYK,3,42,6.5,.423,.455,.045,0.0,16.5,7.5,7.4,3.4,0.0,11.8,24.8,,-0.1,0.1,0.0,-0.051,,-6.4,0.4,-6.0,0.0
Buddy Hield,SG,25,SAC,3,82,16.4,.635,.300,.100,2.5,14.7,8.5,9.5,0.5,1.9,16.1,24.8,,0.1,0.0,0.1,.037,,2.2,-1.8,0.4,0.1
George Hill,PG,32,CLE,3,84,14.9,.641,.259,.222,2.4,1.4,1.9,20.7,0.6,0.0,9.2,15.5,,0.2,-0.1,0.2,.091,,0.4,-6.0,-5.6,-0.1
Solomon Hill,SF,27,NOP,2,32,4.1,.600,.600,.000,0.0,9.3,4.9,8.8,0.0,0.0,16.7,7.3,,0.0,0.0,0.0,.048,,0.4,1.7,2.1,0.0
Aaron Holiday,G,22,IND,3,11,-1.5,.300,.800,.000,0.0,9.8,5.1,21.3,0.0,0.0,16.7,23.4,,0.0,0.0,0.0,-0.139,,-6.0,-1.8,-7.8,0.0
Jrue Holiday,SG,28,NOP,2,65,16.0,.488,.304,.261,5.2,9.1,7.3,28.5,3.4,0.0,19.0,19.1,,0.1,0.1,0.2,.119,,1.0,3.5,4.5,0.1
Justin Holiday,F,29,CHI,2,65,15.6,.653,.600,.250,0.0,14.9,8.0,6.1,1.4,0.0,0.0,14.3,,0.1,0.0,0.2,.120,,3.6,-4.0,-0.4,0.0
John Holland,SF,30,CLE,1,1,0.0,,,,0.0,0.0,0.0,0.0,0.0,0.0,,0.0,,0.0,0.0,0.0,-0.049,,-7.0,-1.1,-8.2,0.0
Richaun Holmes,F-C,25,PHO,1,8,-3.7,.000,.000,2.000,13.5,27.6,20.5,0.0,0.0,0.0,0.0,10.7,,0.0,0.0,0.0,-0.165,,-14.1,-4.0,-18.1,0.0
Rodney Hood,SG,26,CLE,3,82,9.0,.465,.200,.171,1.2,7.0,3.9,10.5,1.1,0.0,5.0,19.3,,0.0,0.0,0.0,-0.017,,-4.6,-4.3,-9.0,-0.1
Al Horford,C,32,BOS,3,87,16.4,.558,.423,.154,7.6,20.0,13.6,24.4,1.1,6.8,22.4,17.1,,0.0,0.2,0.3,.154,,-0.6,6.1,5.5,0.2
Kevin Huerter,G,20,ATL,3,43,16.0,.482,.583,.083,10.2,27.5,19.0,17.2,2.1,1.7,0.0,11.6,,0.1,0.1,0.1,.167,,0.3,0.4,0.7,0.0
Chandler Hutchison,G,22,CHI,1,3,-12.3,.000,.000,.000,0.0,0.0,0.0,0.0,0.0,0.0,0.0,14.0,,0.0,0.0,0.0,-0.423,,-14.6,-6.0,-20.6,0.0
Serge Ibaka,PF,29,TOR,3,88,19.1,.554,.176,.500,13.8,12.0,12.9,4.9,1.6,4.6,10.8,22.1,,0.2,0.2,0.3,.177,,0.1,1.7,1.8,0.1
Andre Iguodala,SF,35,GSW,2,36,9.8,.750,.250,.000,0.0,13.4,7.4,17.4,1.3,2.6,33.3,7.0,,0.0,0.1,0.1,.102,,0.3,2.1,2.4,0.0
Ersan Ilyasova,PF,31,MIL,2,53,10.8,.667,.333,.000,2.1,19.3,11.5,4.9,0.9,1.5,7.7,10.1,,0.1,0.1,0.2,.163,,1.3,4.3,5.6,0.1
Joe Ingles,SF,31,UTA,2,71,27.6,.907,.630,.000,0.0,8.5,4.2,24.4,3.9,0.9,18.2,19.4,,0.3,0.1,0.4,.261,,11.3,2.5,13.8,0.3
Brandon Ingram,F,21,LAL,2,56,14.2,.546,.217,.261,5.2,8.6,6.9,2.4,2.3,4.4,13.5,21.3,,0.0,0.0,0.0,.007,,-4.5,1.8,-2.7,0.0
Kyrie Irving,PG,26,BOS,3,97,9.3,.408,.280,.180,2.0,7.4,4.6,29.8,1.0,0.9,10.0,25.7,,-0.1,0.2,0.1,.027,,-3.4,-0.9,-4.3,-0.1
Jonathan Isaac,PF,21,ORL,3,60,7.7,.477,.333,.267,6.2,21.8,13.7,2.4,2.4,1.3,19.3,14.3,,-0.1,0.1,0.0,-0.005,,-4.7,0.1,-4.5,0.0
Wesley Iwundu,F,24,ORL,2,33,6.0,.320,.267,.333,11.3,12.2,11.8,0.0,1.5,0.0,0.0,21.5,,-0.1,0.0,-0.1,-0.085,,-6.6,-6.5,-13.2,-0.1
Frank Jackson,G,20,NOP,2,8,26.2,.833,.333,.000,0.0,0.0,0.0,28.6,0.0,0.0,0.0,14.7,,0.1,0.0,0.1,.329,,7.3,-6.8,0.5,0.0
Jaren Jackson,F,19,MEM,2,53,26.8,.691,.278,.833,6.2,20.6,13.1,10.7,3.6,4.9,7.5,22.0,,0.2,0.1,0.3,.265,,4.4,2.6,6.9,0.1
Josh Jackson,SF,21,PHO,2,51,6.8,.518,.389,.167,0.0,8.7,4.3,16.2,0.0,5.0,20.6,21.8,,-0.1,0.0,-0.1,-0.062,,-5.9,0.0,-5.9,-0.1
Justin Jackson,SF,23,SAC,3,78,8.0,.459,.364,.091,1.3,14.1,7.5,7.0,1.7,0.0,8.0,13.0,,0.0,0.0,0.0,-0.023,,-0.5,-0.1,-0.5,0.0
Reggie Jackson,PG,28,DET,2,63,16.2,.561,.552,.310,3.0,2.1,2.6,24.1,0.8,0.0,10.8,23.9,,0.2,0.1,0.2,.171,,0.7,-2.4,-1.7,0.0
LeBron James,F-G,34,LAL,2,76,19.1,.555,.289,.421,2.6,18.9,10.8,19.8,1.7,1.1,13.5,27.5,,0.0,0.0,0.1,.058,,-1.1,1.0,-0.2,0.0
Jonas Jerebko,PF,31,GSW,3,41,13.2,.805,.500,.375,8.6,18.9,14.3,3.2,1.2,0.0,24.4,12.7,,0.1,0.1,0.1,.157,,3.3,-0.8,2.5,0.0
Alize Johnson,F,22,IND,2,8,7.9,.500,.000,.000,0.0,54.1,28.1,0.0,0.0,0.0,0.0,10.7,,0.0,0.0,0.0,.130,,-8.8,-2.7,-11.4,0.0
Amir Johnson,C,31,PHI,3,41,26.2,.802,.071,.357,7.4,21.2,14.5,20.8,1.1,1.9,15.6,19.8,,0.2,0.1,0.2,.278,,3.4,0.6,4.0,0.1
Stanley Johnson,F,22,DET,1,30,6.2,.385,.538,.000,9.4,17.5,12.8,0.0,0.0,2.6,7.1,19.0,,0.0,0.0,0.0,.002,,-9.1,-2.5,-11.6,-0.1
Tyler Johnson,PG,26,MIA,3,71,6.9,.431,.500,.100,2.8,0.0,1.4,7.9,2.0,1.2,4.6,12.1,,0.0,0.1,0.1,.057,,-1.6,1.4,-0.1,0.0
Nikola Jokic,C,23,DEN,3,97,38.6,.752,.211,.868,5.4,26.4,16.2,43.3,2.5,2.0,7.1,24.4,,0.7,0.3,1.1,.524,,14.6,7.5,22.1,0.6
Damian Jones,C,23,GSW,3,64,17.1,.756,.000,.133,7.4,7.6,7.5,9.0,1.5,8.9,15.9,12.4,,0.1,0.1,0.2,.177,,3.8,5.2,9.1,0.2
Derrick Jones,SF,21,MIA,3,71,11.9,.518,.321,.393,6.9,7.2,7.1,8.8,1.3,2.3,10.9,20.4,,0.1,0.1,0.1,.094,,0.0,1.4,1.5,0.1
Tyus Jones,PG,22,MIN,3,47,9.7,.500,.294,.000,2.6,0.0,1.2,14.5,1.0,0.0,5.6,15.9,,0.0,-0.1,0.0,-0.016,,-3.2,-7.8,-11.1,-0.1
DeAndre Jordan,C,30,DAL,2,62,28.8,.733,.000,.421,13.8,32.4,21.7,4.6,2.3,8.9,4.3,15.5,,0.3,0.0,0.3,.237,,1.3,1.5,2.8,0.1
Cory Joseph,PG,27,IND,3,71,14.3,.689,.278,.111,0.0,15.2,7.9,16.1,1.4,2.7,20.9,14.4,,0.1,0.1,0.2,.158,,1.0,4.0,5.0,0.1
Frank Kaminsky,F-C,25,CHO,1,8,-2.7,.500,.500,.000,0.0,26.1,12.6,16.8,0.0,0.0,50.0,21.0,,0.0,0.0,0.0,-0.198,,-10.5,1.2,-9.3,0.0
Enes Kanter,C,26,NYK,3,94,28.2,.656,.071,.286,11.2,30.6,20.1,13.1,2.0,1.0,7.8,22.4,,0.4,0.2,0.6,.315,,3.8,2.5,6.3,0.2
Luke Kennard,SG,22,DET,1,19,12.1,.700,.200,.000,0.0,27.7,11.5,0.0,0.0,4.2,16.7,12.9,,0.0,0.0,0.0,.109,,-8.5,0.5,-8.0,0.0
Michael Kidd-Gilchrist,SF,25,CHO,3,73,18.4,.587,.105,.684,8.0,17.2,12.4,15.3,0.0,11.7,16.8,17.1,,0.1,0.2,0.3,.179,,-0.1,7.7,7.6,0.2
Maxi Kleber,PF,27,DAL,2,34,12.7,.813,.750,.000,3.1,21.1,10.8,0.0,0.0,2.7,11.1,10.8,,0.1,0.0,0.0,.029,,-1.9,-6.5,-8.4,-0.1
Kevin Knox,F,19,NYK,3,56,7.9,.422,.290,.161,5.1,6.2,5.6,0.0,1.7,1.6,5.7,25.8,,-0.1,0.1,0.0,-0.034,,-7.1,-3.2,-10.4,-0.1
Furkan Korkmaz,SG,21,PHI,3,16,0.5,.000,1.000,.000,0.0,12.1,6.2,0.0,2.9,0.0,0.0,2.6,,0.0,0.0,0.0,.013,,-8.8,1.5,-7.3,0.0
Kyle Korver,SG,37,CLE,2,19,2.4,.500,.667,.000,0.0,6.1,2.8,0.0,0.0,0.0,0.0,6.3,,0.0,0.0,0.0,-0.031,,-5.3,-4.3,-9.6,0.0
Rodions Kurucs,F,20,BRK,3,43,15.2,.626,.526,.211,12.0,18.6,15.7,3.8,0.0,0.0,19.4,26.0,,0.0,0.0,0.0,.029,,1.4,-6.4,-5.0,0.0
Kyle Kuzma,F,23,LAL,2,54,8.9,.430,.429,.179,1.8,10.7,6.3,7.1,0.8,3.0,3.2,23.2,,-0.1,0.0,-0.1,-0.060,,-5.6,-0.7,-6.3,-0.1
Skal Labissiere,F,22,SAC,2,10,2.3,.500,.600,.000,10.4,0.0,5.4,0.0,0.0,0.0,16.7,24.5,,0.0,0.0,0.0,-0.110,,-0.9,-7.3,-8.2,0.0
Jeremy Lamb,SG,26,CHO,3,74,14.9,.460,.400,.200,5.3,14.1,9.5,11.1,3.2,3.5,3.0,19.1,,0.0,0.2,0.2,.148,,0.6,4.2,4.8,0.1
Zach LaVine,G,23,CHI,2,70,22.9,.670,.325,.400,0.0,11.1,6.0,14.6,0.0,3.5,14.5,33.0,,0.1,0.0,0.1,.085,,5.4,-5.5,0.0,0.0
Jake Layman,F,24,POR,2,29,9.8,.450,.500,.250,7.8,19.7,14.2,0.0,1.6,2.5,10.1,14.0,,0.0,0.0,0.0,.041,,-3.2,-3.4,-6.6,0.0
T.J. Leaf,PF,21,IND,1,1,0.0,,,,0.0,0.0,0.0,0.0,0.0,0.0,,0.0,,0.0,0.0,0.0,.034,,-3.0,3.4,0.5,0.0
Alex Len,C,25,ATL,3,80,13.3,.576,.154,.154,6.9,18.8,12.9,13.7,0.0,4.7,17.8,17.0,,0.1,0.1,0.1,.069,,-3.5,-0.5,-4.0,0.0
Kawhi Leonard,SF,27,TOR,2,73,18.5,.513,.170,.319,4.6,26.3,16.2,11.0,0.7,0.0,10.1,34.2,,0.0,0.1,0.2,.111,,-3.7,-1.9,-5.6,-0.1
Meyers Leonard,C-F,26,POR,2,18,23.1,1.025,.000,.500,12.5,21.1,17.2,27.2,2.6,0.0,29.1,7.9,,0.1,0.0,0.1,.305,,7.5,0.9,8.4,0.0
Caris LeVert,SF,24,BRK,3,94,26.9,.751,.250,.525,2.7,12.8,8.4,23.5,1.6,1.5,18.3,27.8,,0.4,0.0,0.4,.215,,8.2,-2.1,6.2,0.2
Damian Lillard,G,28,POR,2,66,31.6,.662,.361,.444,1.7,10.1,6.3,30.1,0.7,1.1,6.5,28.7,,0.4,0.0,0.5,.347,,10.2,-3.9,6.3,0.1
Jeremy Lin,PG,30,ATL,3,41,6.6,.482,.200,.400,0.0,21.0,10.6,9.7,1.1,0.0,18.5,21.2,,-0.1,0.0,0.0,-0.056,,-8.6,-3.5,-12.1,-0.1
Shaun Livingston,PG,33,GSW,2,33,19.4,.709,.000,.222,10.7,8.8,9.7,13.0,2.9,0.0,16.8,15.2,,0.1,0.0,0.1,.197,,5.2,1.1,6.3,0.1
Zach Lofton,G,26,DET,1,4,-9.6,.000,1.000,.000,0.0,0.0,0.0,0.0,12.0,0.0,50.0,20.4,,0.0,0.0,0.0,-0.391,,-18.0,10.6,-7.3,0.0
Kevon Looney,C,22,GSW,3,56,22.7,.636,.000,.111,23.2,12.1,17.1,10.4,1.7,6.8,13.7,16.5,,0.2,0.1,0.3,.230,,6.4,4.2,10.6,0.2
Brook Lopez,C,30,MIL,2,44,13.1,.586,.765,.235,2.5,10.6,6.9,9.3,1.1,1.8,9.6,19.4,,0.1,0.1,0.1,.163,,3.7,2.1,5.8,0.1
Robin Lopez,C,30,CHI,2,43,3.5,.431,.000,.100,2.6,4.5,3.6,16.9,1.1,3.8,32.4,15.1,,-0.1,0.0,-0.1,-0.130,,-6.7,-2.0,-8.6,-0.1
Kevin Love,C,30,CLE,3,107,14.4,.454,.339,.500,9.3,35.5,21.5,15.8,0.4,0.8,11.6,28.8,,0.0,0.0,0.0,-0.011,,-4.6,-2.6,-7.2,-0.1
Kyle Lowry,PG,32,TOR,3,105,27.8,.764,.488,.268,1.1,8.2,4.9,38.5,0.9,1.5,13.2,21.1,,0.6,0.1,0.7,.339,,9.3,-1.8,7.5,0.3
Tyler Lydon,F,22,DEN,1,2,0.0,,,,0.0,0.0,0.0,0.0,0.0,0.0,,0.0,,0.0,0.0,0.0,.076,,-6.1,4.8,-1.2,0.0
Trey Lyles,PF,23,DEN,3,57,2.7,.373,.333,.778,1.8,22.5,12.5,10.3,3.4,0.0,24.9,23.6,,-0.3,0.2,-0.1,-0.090,,-9.7,5.3,-4.4,0.0
Shelvin Mack,PG,28,MEM,2,55,3.3,.384,.077,.462,2.0,8.8,5.3,11.3,1.7,0.0,11.3,14.0,,-0.1,0.0,-0.1,-0.058,,-6.9,-1.0,-7.9,-0.1
Ian Mahinmi,C,32,WAS,2,29,10.0,.327,.000,1.200,19.0,6.8,12.6,4.6,3.2,8.2,11.6,12.6,,0.0,0.0,0.0,.029,,-2.2,5.2,3.0,0.0
Boban Marjanovic,C,30,LAC,3,39,33.5,.806,.000,.813,8.0,27.4,18.1,0.0,0.0,0.0,8.4,26.3,,0.2,0.1,0.3,.391,,5.9,-6.3,-0.4,0.0
Jarell Martin,F,24,ORL,1,12,20.8,.750,.250,.000,0.0,16.8,8.1,15.0,0.0,0.0,0.0,13.8,,0.0,0.0,0.0,.187,,3.5,-3.0,0.5,0.0
Frank Mason,PG,24,SAC,2,26,29.7,.626,.200,.267,0.0,4.2,2.1,31.7,1.7,0.0,0.0,26.3,,0.1,0.0,0.1,.252,,8.9,-5.2,3.7,0.0
Wesley Matthews,SF,32,DAL,2,70,10.8,.516,.621,.310,4.6,6.1,5.2,13.3,0.7,0.0,10.8,21.6,,0.0,-0.1,-0.1,-0.043,,-1.5,-6.7,-8.1,-0.1
Luc Mbah a Moute,PF,32,LAC,3,45,8.5,.490,.286,.214,2.3,6.5,4.5,6.9,1.1,1.8,6.1,15.7,,0.0,0.1,0.0,.052,,-0.2,1.2,1.0,0.0
CJ McCollum,G,27,POR,2,61,18.0,.626,.406,.281,1.9,9.3,5.9,7.2,0.0,0.0,10.0,27.0,,0.2,0.0,0.2,.139,,2.9,-6.0,-3.1,0.0
T.J. McConnell,PG,26,PHI,3,53,11.7,.576,.077,.154,0.0,9.1,4.7,26.1,0.9,0.0,12.6,12.6,,0.1,0.1,0.1,.116,,-3.8,-2.5,-6.4,-0.1
Doug McDermott,SF,27,IND,3,71,20.4,.830,.727,.091,0.0,6.1,3.2,5.7,1.4,0.0,0.0,13.8,,0.3,0.1,0.4,.284,,8.6,0.2,8.9,0.2
JaVale McGee,C,31,LAL,2,41,33.1,.722,.000,.412,11.9,21.1,16.6,10.8,1.1,16.0,9.1,21.7,,0.2,0.1,0.3,.295,,2.7,9.2,12.0,0.1
Rodney McGruder,SG,27,MIA,3,107,15.8,.662,.563,.250,2.8,17.2,9.8,15.5,0.9,2.3,14.5,15.2,,0.2,0.2,0.4,.174,,2.8,2.9,5.7,0.2
Alfonzo McKinnie,SF,26,GSW,3,18,-1.9,.300,.400,.000,0.0,10.7,5.9,0.0,2.6,0.0,16.7,14.1,,-0.1,0.0,0.0,-0.101,,-7.0,-1.0,-8.0,0.0
Ben McLemore,G,25,SAC,2,9,4.5,.375,.750,.000,0.0,0.0,0.0,12.0,0.0,0.0,0.0,18.1,,0.0,0.0,0.0,-0.101,,-1.2,-7.6,-8.8,0.0
Jordan McRae,G,27,WAS,1,0,,,,,,,,,,,,,,0.0,0.0,0.0,,,-4.4,0.1,-4.3,0.0
Chimezie Metu,F,21,SAS,1,3,38.0,.532,.000,2.000,0.0,80.0,34.8,0.0,0.0,25.8,0.0,26.2,,0.0,0.0,0.0,.380,,-15.6,4.8,-10.8,0.0
Khris Middleton,SF,27,MIL,2,63,21.8,.646,.517,.276,3.5,16.3,10.5,18.9,2.2,1.2,13.3,24.4,,0.2,0.1,0.3,.234,,6.6,3.7,10.3,0.2
C.J. Miles,SF,31,TOR,3,36,3.4,.393,.500,.438,6.2,13.3,10.0,0.0,0.0,2.2,9.5,24.5,,-0.1,0.0,0.0,-0.062,,-8.2,-5.0,-13.3,-0.1
Darius Miller,SF,28,NOP,2,43,2.5,.530,.889,.111,0.0,2.3,1.2,6.6,1.0,0.0,24.1,11.3,,0.0,0.0,0.0,-0.013,,-0.6,1.0,0.5,0.0
Patty Mills,PG,30,SAS,2,52,4.2,.417,.611,.000,0.0,11.5,5.0,5.2,1.0,1.5,10.0,16.1,,-0.1,0.0,-0.1,-0.079,,-7.0,-0.9,-7.9,-0.1
Paul Millsap,PF,33,DEN,3,89,12.8,.434,.167,1.000,10.6,25.5,18.2,4.9,2.7,4.4,14.8,19.1,,-0.1,0.3,0.2,.114,,-5.4,6.9,1.6,0.1
Nikola Mirotic,PF,27,NOP,2,61,37.5,.734,.415,.220,16.7,16.2,16.4,11.5,0.0,0.0,2.2,29.5,,0.5,0.0,0.5,.391,,15.2,-1.6,13.6,0.2
Donovan Mitchell,SG,22,UTA,2,71,10.2,.452,.500,.182,1.6,6.8,4.2,11.1,2.6,0.0,7.8,30.2,,-0.1,0.0,-0.1,-0.067,,-3.8,-0.5,-4.3,0.0
Malik Monk,SG,20,CHO,3,82,14.3,.546,.564,.077,0.0,7.6,3.7,9.1,1.2,2.1,2.4,21.2,,0.1,0.1,0.2,.129,,2.4,-0.3,2.1,0.1
E'Twaun Moore,SG,29,NOP,2,57,15.7,.626,.261,.174,4.0,1.7,2.8,7.8,1.6,1.5,7.5,18.4,,0.1,0.0,0.2,.154,,3.1,1.3,4.4,0.1
Marcus Morris,PF,29,BOS,3,72,15.2,.595,.516,.194,2.6,22.7,12.3,6.9,1.3,1.2,10.6,21.8,,0.1,0.2,0.3,.176,,0.1,0.5,0.6,0.0
Markieff Morris,F,29,WAS,2,56,13.1,.615,.357,.500,0.0,21.2,11.2,13.2,1.7,5.7,22.6,16.7,,0.0,0.1,0.1,.063,,-1.8,3.2,1.4,0.0
Monte Morris,PG,23,DEN,3,51,5.5,.350,.273,.091,2.0,13.5,8.0,24.8,0.9,0.0,8.0,20.4,,-0.1,0.1,0.0,.001,,-5.0,2.4,-2.6,0.0
Jamal Murray,PG,21,DEN,3,95,7.8,.419,.410,.231,2.2,8.3,5.3,16.3,1.5,1.0,8.5,20.7,,-0.1,0.2,0.1,.062,,-3.2,2.8,-0.4,0.0
Dzanan Musa,G-F,19,BRK,1,7,13.6,.258,.667,.667,18.4,14.3,16.1,21.1,7.0,0.0,0.0,24.0,,0.0,0.0,0.0,-0.071,,2.8,1.8,4.6,0.0
Larry Nance,F-C,26,CLE,1,17,19.7,.549,.000,.833,11.8,13.6,12.6,34.0,0.0,0.0,10.9,21.6,,0.1,0.0,0.0,.117,,1.4,-3.6,-2.1,0.0
Georges Niang,PF,25,UTA,2,11,27.1,.571,.714,.000,10.6,21.8,16.2,15.9,0.0,6.1,0.0,26.5,,0.0,0.0,0.0,.194,,7.8,2.4,10.3,0.0
Nerlens Noel,C,24,OKC,3,40,27.4,.765,.000,.400,20.0,21.0,20.5,4.3,2.3,5.6,0.0,11.3,,0.2,0.1,0.3,.301,,3.8,5.2,9.0,0.1
Frank Ntilikina,PG,20,NYK,3,83,7.5,.413,.478,.000,0.0,9.7,4.4,9.8,4.0,1.1,11.5,12.8,,-0.1,0.2,0.1,.043,,-4.5,3.8,-0.7,0.0
Jusuf Nurkic,C,24,POR,2,40,25.2,.521,.115,.077,25.4,19.0,21.9,8.3,3.5,1.8,13.0,31.8,,0.1,0.1,0.1,.149,,1.9,-1.5,0.4,0.0
David Nwaba,SG,26,CLE,1,2,0.0,,,,0.0,0.0,0.0,0.0,0.0,0.0,,0.0,,0.0,0.0,0.0,-0.049,,-7.0,-1.1,-8.2,0.0
Royce O'Neale,SF,25,UTA,2,17,-15.6,.000,.250,.000,0.0,14.1,7.0,0.0,0.0,0.0,33.3,14.7,,-0.1,0.0,-0.1,-0.412,,-16.2,0.2,-15.9,-0.1
Kyle O'Quinn,C,28,IND,3,27,38.7,.661,.000,.429,26.0,24.1,25.0,28.6,1.8,7.1,15.3,31.1,,0.2,0.1,0.2,.438,,10.3,8.2,18.5,0.1
Semi Ojeleye,PF,24,BOS,2,4,3.1,,,,0.0,25.5,12.3,0.0,0.0,0.0,,0.0,,0.0,0.0,0.0,.103,,-9.5,1.5,-8.1,0.0
Jahlil Okafor,C,23,NOP,2,9,3.6,.694,.000,1.000,12.5,22.0,17.6,11.0,0.0,0.0,51.0,25.6,,0.0,0.0,0.0,-0.128,,-7.0,2.0,-4.9,0.0
Elie Okobo,G,21,PHO,2,11,-1.3,.500,.500,.000,0.0,0.0,0.0,13.6,0.0,0.0,33.3,12.4,,0.0,0.0,0.0,-0.085,,-7.7,-5.0,-12.7,0.0
Josh Okogie,G,20,MIN,1,29,3.0,.510,.600,.400,4.2,14.5,9.7,8.5,1.6,0.0,33.8,12.7,,0.0,0.0,-0.1,-0.093,,-5.6,-3.4,-9.0,-0.1
Victor Oladipo,SG,26,IND,3,90,19.6,.549,.259,.259,1.3,19.2,10.6,15.3,2.1,1.1,11.7,32.4,,0.1,0.2,0.2,.126,,-0.1,1.7,1.6,0.1
Kelly Olynyk,PF,27,MIA,3,46,14.9,.591,.500,.250,8.6,8.9,8.7,10.2,0.0,3.6,10.1,16.9,,0.1,0.0,0.1,.150,,2.4,1.4,3.8,0.1
Cedi Osman,SF,23,CLE,3,107,14.4,.560,.357,.190,5.6,10.8,8.0,21.7,1.7,0.8,19.5,21.1,,0.0,0.0,0.0,.011,,-0.9,-2.2,-3.1,0.0
Kelly Oubre,F,23,WAS,2,39,8.5,.445,.438,.438,8.5,22.8,16.1,0.0,0.0,2.0,13.6,24.0,,-0.1,0.0,0.0,-0.061,,-7.3,-7.0,-14.3,-0.1
Zaza Pachulia,C,34,DET,2,38,14.7,.333,.000,.615,17.3,27.7,21.7,17.4,5.0,2.1,10.8,19.8,,0.0,0.1,0.1,.093,,-5.9,8.0,2.1,0.0
Jabari Parker,F,23,CHI,2,49,11.2,.469,.241,.069,6.9,15.8,11.7,6.1,0.9,0.0,6.3,27.3,,-0.1,0.0,-0.1,-0.078,,-2.6,-6.6,-9.2,-0.1
Tony Parker,PG,36,CHO,3,45,2.4,.269,.071,.143,0.0,13.9,6.7,39.9,0.0,0.0,21.2,17.6,,-0.1,0.1,-0.1,-0.062,,-7.5,-1.2,-8.6,-0.1
Chandler Parsons,SF,30,MEM,2,40,10.9,.567,.600,.000,2.8,6.1,4.3,9.2,1.2,2.2,6.3,17.5,,0.0,0.0,0.0,.033,,-0.1,-2.3,-2.4,0.0
Patrick Patterson,PF,29,OKC,3,51,8.9,.385,.632,.211,7.0,10.3,8.5,0.0,1.8,4.4,4.6,16.4,,-0.1,0.1,0.0,.001,,-5.5,0.9,-4.6,0.0
Chris Paul,PG,33,HOU,2,62,29.8,.668,.448,.483,3.3,17.3,10.2,40.8,2.2,0.0,10.2,26.3,,0.3,0.0,0.4,.291,,11.0,-0.1,10.9,0.2
Cameron Payne,G,24,CHI,2,50,10.3,.467,.250,.313,2.3,5.8,4.2,22.6,0.9,0.0,9.9,17.0,,0.0,0.0,0.0,-0.009,,-1.2,-5.5,-6.7,-0.1
Elfrid Payton,PG,24,NOP,2,61,16.0,.503,.150,.100,5.6,21.1,13.8,27.3,0.7,1.4,12.6,15.3,,0.1,0.0,0.2,.141,,1.2,4.2,5.4,0.1
Theo Pinson,G,23,BRK,1,7,6.3,.258,.667,.667,0.0,14.3,8.0,34.9,0.0,0.0,0.0,24.0,,0.0,0.0,0.0,-0.101,,-2.6,-5.3,-7.9,0.0
Mason Plumlee,C,28,DEN,3,43,14.0,.515,.077,.615,12.1,16.1,14.2,15.3,2.2,6.8,19.5,20.0,,0.0,0.1,0.1,.132,,-2.1,8.7,6.5,0.1
Miles Plumlee,C,30,ATL,2,28,25.9,.794,.000,1.125,15.7,7.7,11.6,10.9,1.6,0.0,14.3,20.0,,0.1,0.0,0.1,.253,,5.0,-3.7,1.2,0.0
Jakob Poeltl,C,23,SAS,2,21,17.5,.500,.000,.000,22.0,5.7,14.9,25.1,0.0,0.0,0.0,8.0,,0.1,0.0,0.1,.164,,2.1,-0.2,1.9,0.0
Quincy Pondexter,G-F,30,SAS,1,3,17.8,.000,.500,.000,61.5,0.0,34.8,0.0,16.9,0.0,0.0,27.8,,0.0,0.0,0.0,-0.161,,-4.6,2.1,-2.5,0.0
Otto Porter,F,25,WAS,2,59,16.2,.549,.438,.313,3.7,16.8,10.6,0.0,3.2,5.4,0.0,13.1,,0.1,0.1,0.2,.122,,-1.0,0.8,-0.2,0.0
Bobby Portis,F,23,CHI,2,62,13.8,.439,.370,.222,7.3,32.8,21.0,14.9,1.5,1.3,6.3,21.4,,-0.1,0.1,0.0,.014,,-1.2,-1.5,-2.7,0.0
Dwight Powell,C,27,DAL,2,34,40.8,.827,.200,.933,12.5,29.5,19.8,10.6,1.4,5.4,12.4,29.1,,0.2,0.0,0.2,.308,,8.4,-2.6,5.9,0.1
Norman Powell,SG,25,TOR,3,46,6.4,.538,.308,.000,2.4,12.5,7.8,2.9,1.0,1.7,18.8,14.6,,0.0,0.1,0.0,.036,,-4.5,0.8,-3.7,0.0
Alex Poythress,PF,25,ATL,3,66,9.8,.553,.333,.467,10.0,13.0,11.5,11.6,1.3,1.1,18.1,13.5,,0.0,0.0,0.1,.064,,-1.8,-1.6,-3.5,0.0
Julius Randle,C,24,NOP,2,48,23.1,.605,.222,.370,4.7,41.2,24.2,7.7,0.0,0.0,3.1,26.4,,0.2,0.0,0.2,.202,,0.9,-0.3,0.5,0.0
J.J. Redick,SG,34,PHI,3,86,17.8,.573,.500,.083,1.2,9.0,5.2,11.4,1.1,0.0,2.0,24.9,,0.1,0.1,0.2,.132,,1.6,-4.1,-2.4,0.0
Josh Richardson,SF,25,MIA,3,103,11.4,.484,.509,.208,3.8,8.9,6.3,15.5,0.9,1.6,12.2,25.1,,0.0,0.1,0.1,.053,,0.2,0.2,0.4,0.1
Malachi Richardson,SG,23,TOR,1,0,,,,,,,,,,,,,,0.0,0.0,0.0,,,-5.1,1.9,-3.2,0.0
Austin Rivers,G,26,WAS,2,52,12.3,.587,.471,.118,2.1,1.9,2.0,12.6,0.0,3.1,5.3,15.4,,0.1,0.0,0.1,.054,,1.5,-3.0,-1.5,0.0
Glenn Robinson,SF,25,DET,2,33,7.9,.643,.286,.000,0.0,8.0,3.3,0.0,1.5,2.4,22.2,11.1,,0.0,0.1,0.0,.055,,-7.3,2.4,-4.9,0.0
Mitchell Robinson,C,20,NYK,2,11,9.1,.521,.000,1.000,8.7,10.5,9.5,0.0,0.0,0.0,0.0,10.7,,0.0,0.0,0.0,.118,,-4.8,-2.7,-7.5,0.0
Rajon Rondo,G,32,LAL,2,61,19.2,.619,.190,.000,1.6,15.7,8.7,44.6,2.2,0.0,19.2,17.1,,0.1,0.0,0.2,.132,,0.5,0.3,0.8,0.0
Derrick Rose,PG,30,MIN,3,86,18.8,.531,.205,.359,8.4,8.6,8.5,25.5,1.1,0.9,8.1,23.7,,0.2,-0.1,0.2,.093,,0.4,-5.2,-4.8,-0.1
Terrence Ross,SG,27,ORL,3,74,13.3,.457,.364,.212,1.3,10.9,5.9,12.3,2.6,4.4,5.3,21.3,,0.0,0.1,0.1,.045,,-1.2,0.9,-0.4,0.0
Terry Rozier,PG,24,BOS,3,73,12.6,.560,.360,.080,2.6,16.8,9.4,12.7,0.7,1.2,7.2,15.9,,0.1,0.2,0.2,.161,,-0.8,1.3,0.5,0.0
Ricky Rubio,PG,28,UTA,2,55,6.4,.426,.438,.063,0.0,10.9,5.4,33.8,0.8,0.0,23.3,16.2,,0.0,0.0,0.0,-0.029,,-3.0,0.1,-3.0,0.0
D'Angelo Russell,PG,22,BRK,3,89,10.3,.446,.351,.135,2.9,12.4,8.2,30.0,1.1,1.6,18.7,23.5,,-0.1,0.0,-0.1,-0.043,,-2.0,-2.0,-4.0,0.0
Domantas Sabonis,C,22,IND,2,51,24.3,.662,.000,.353,27.5,34.0,30.9,10.8,0.9,0.0,23.4,21.5,,0.1,0.1,0.3,.242,,3.9,2.4,6.2,0.1
Dario Saric,PF,24,PHI,3,89,9.1,.468,.563,.156,8.0,19.5,13.9,13.8,1.1,0.9,19.0,20.0,,-0.1,0.1,0.0,.013,,-4.4,-0.2,-4.6,-0.1
Tomas Satoransky,G,27,WAS,2,27,13.7,.580,.167,.667,0.0,14.7,7.7,20.9,1.7,2.9,11.4,13.8,,0.0,0.0,0.1,.121,,-0.5,0.7,0.2,0.0
Dennis Schroder,PG,25,OKC,3,96,8.7,.389,.280,.240,2.8,13.1,7.5,35.9,1.4,0.8,14.0,25.8,,-0.2,0.1,-0.1,-0.055,,-3.7,1.1,-2.6,0.0
Mike Scott,PF,30,LAC,3,19,9.8,.750,.500,.000,5.5,10.2,7.9,14.5,0.0,0.0,0.0,4.6,,0.0,0.0,0.1,.170,,3.5,0.9,4.4,0.0
Wayne Selden,SG,24,MEM,2,14,17.1,.922,.250,.500,7.9,0.0,4.1,0.0,0.0,0.0,29.1,21.5,,0.0,0.0,0.0,.063,,0.8,-6.3,-5.6,0.0
Collin Sexton,G,20,CLE,3,68,3.4,.449,.074,.259,2.9,8.5,5.5,6.1,0.0,0.0,16.6,21.2,,-0.1,-0.1,-0.2,-0.128,,-8.8,-5.0,-13.8,-0.2
Landry Shamet,G,21,PHI,3,63,6.5,.409,.800,.133,3.2,10.7,7.1,6.0,1.5,1.2,5.9,11.3,,0.0,0.1,0.0,.031,,-4.6,-0.1,-4.6,0.0
Iman Shumpert,SG,28,SAC,3,69,20.6,.763,.583,.208,0.0,12.7,6.2,7.0,1.9,2.3,7.1,16.7,,0.2,0.0,0.3,.175,,7.5,-0.3,7.2,0.2
Pascal Siakam,PF,24,TOR,3,64,15.0,.579,.182,.136,6.9,19.5,13.7,13.5,0.7,2.5,14.6,17.9,,0.1,0.1,0.2,.143,,-0.8,2.1,1.3,0.1
Ben Simmons,PG,22,PHI,3,84,23.6,.578,.000,.560,4.8,27.6,16.5,39.8,2.8,3.6,16.1,18.7,,0.2,0.2,0.4,.225,,-0.3,4.7,4.5,0.1
Jonathon Simmons,SG,29,ORL,2,56,5.9,.420,.350,.300,5.0,9.0,6.9,5.2,0.0,1.4,4.2,17.4,,0.0,0.0,0.0,-0.026,,-3.2,-2.9,-6.1,-0.1
Marcus Smart,SG,24,BOS,3,75,8.0,.459,.533,.533,2.5,9.5,5.9,25.5,1.3,1.1,21.3,13.0,,0.0,0.2,0.1,.092,,-3.2,1.1,-2.1,0.0
Dennis Smith,PG,21,DAL,2,54,15.6,.455,.303,.152,2.0,10.6,5.7,30.6,2.6,0.0,5.4,28.2,,0.0,-0.1,0.0,-0.007,,-2.0,-5.3,-7.3,-0.1
Ish Smith,PG,30,DET,2,57,12.6,.591,.364,.000,0.0,6.9,2.9,21.9,0.8,0.0,12.0,17.9,,0.1,0.1,0.2,.132,,-2.4,-1.1,-3.5,0.0
J.R. Smith,G-F,33,CLE,1,4,-21.6,.000,1.000,.000,0.0,0.0,0.0,0.0,0.0,0.0,50.0,19.9,,0.0,0.0,-0.1,-0.612,,-20.4,-4.7,-25.1,0.0
Jason Smith,F-C,32,WAS,2,32,5.0,.571,.143,.571,3.4,30.9,17.9,0.0,0.0,0.0,25.5,15.6,,0.0,0.0,0.0,.004,,-8.2,-5.5,-13.6,-0.1
Tony Snell,SG,27,MIL,2,29,10.0,.530,.667,.111,3.8,9.6,7.0,9.1,0.0,0.0,0.0,13.4,,0.0,0.0,0.1,.130,,2.6,0.9,3.5,0.0
Ray Spalding,F,21,DAL,1,1,0.0,,,,0.0,0.0,0.0,0.0,0.0,0.0,,0.0,,0.0,0.0,0.0,-0.087,,-6.8,-2.5,-9.3,0.0
Omari Spellman,F,21,ATL,2,32,24.9,.932,.583,.167,3.4,10.1,6.8,5.0,1.4,2.3,13.4,18.7,,0.1,0.0,0.1,.212,,6.4,-3.8,2.6,0.0
Nik Stauskas,G,25,POR,2,48,22.5,.742,.688,.313,0.0,5.9,3.2,13.7,2.0,0.0,0.0,15.6,,0.3,0.0,0.3,.285,,8.7,-3.6,5.1,0.1
Lance Stephenson,G-F,28,LAL,2,39,10.0,.468,.308,.154,5.0,14.8,9.9,9.4,1.1,0.0,6.7,15.3,,0.0,0.0,0.0,.005,,-4.0,0.2,-3.8,0.0
Edmond Sumner,PG,23,IND,3,12,-1.5,.258,.333,.667,0.0,0.0,0.0,9.7,0.0,0.0,0.0,13.8,,0.0,0.0,0.0,-0.089,,-6.7,-2.9,-9.5,0.0
Caleb Swanigan,F,21,POR,1,3,-4.6,,,,0.0,0.0,0.0,0.0,0.0,0.0,,0.0,,0.0,0.0,0.0,.004,,-2.4,-0.3,-2.7,0.0
Jayson Tatum,SF,20,BOS,3,101,17.3,.586,.292,.271,2.8,29.3,15.6,8.7,1.9,0.8,15.7,26.3,,0.0,0.3,0.3,.146,,-1.5,1.4,-0.2,0.0
Jeff Teague,PG,30,MIN,3,97,20.8,.662,.229,.571,0.0,6.5,3.5,29.2,1.4,0.0,13.8,21.7,,0.4,-0.1,0.3,.149,,1.3,-7.1,-5.9,-0.1
Garrett Temple,SG,32,MEM,2,58,24.0,.775,.583,.292,0.0,8.4,4.0,14.4,0.8,3.0,6.9,22.0,,0.2,0.0,0.2,.190,,7.8,-3.0,4.7,0.1
Daniel Theis,C,26,BOS,2,18,3.1,.250,.250,.000,5.3,5.7,5.5,15.0,0.0,4.7,0.0,9.2,,0.0,0.0,0.0,.062,,-5.8,2.8,-3.0,0.0
Lance Thomas,PF,30,NYK,3,54,1.3,.383,.500,.400,3.6,8.5,5.8,4.7,0.9,3.4,25.4,12.0,,-0.1,0.1,0.0,-0.033,,-7.4,2.8,-4.6,0.0
Klay Thompson,SG,28,GSW,3,107,4.0,.426,.356,.156,2.2,11.7,7.4,1.3,0.4,1.8,12.7,21.7,,-0.3,0.1,-0.2,-0.068,,-5.3,-2.3,-7.6,-0.2
Tristan Thompson,C,27,CLE,3,90,14.2,.643,.000,.200,13.3,25.6,19.0,6.1,0.5,1.9,21.6,12.3,,0.1,0.0,0.1,.051,,-2.8,-0.9,-3.7,0.0
Anthony Tolliver,PF,33,MIN,3,56,8.8,.638,.917,.250,0.0,9.4,5.0,4.5,1.7,0.0,7.0,10.6,,0.1,0.0,0.0,.035,,-0.5,-4.7,-5.2,0.0
Karl-Anthony Towns,C,23,MIN,3,91,18.1,.661,.313,.469,5.3,21.9,14.2,10.7,0.5,4.3,15.4,20.7,,0.2,0.0,0.2,.118,,-0.7,-2.7,-3.4,0.0
Allonzo Trier,G,23,NYK,3,67,13.3,.583,.269,.577,2.9,10.3,6.3,2.2,0.7,2.8,17.7,24.2,,0.0,0.1,0.1,.064,,-4.5,-0.7,-5.3,-0.1
P.J. Tucker,PF,33,HOU,3,107,10.1,.647,.737,.316,2.9,11.0,6.9,5.9,0.9,1.3,4.4,8.8,,0.2,0.0,0.2,.081,,2.0,0.7,2.6,0.1
Evan Turner,G,30,POR,2,46,18.5,.591,.000,.250,2.5,12.4,7.9,32.7,3.1,0.0,22.0,20.4,,0.1,0.1,0.1,.132,,1.1,-0.7,0.4,0.0
Myles Turner,C,22,IND,3,74,18.0,.549,.185,.259,9.5,20.5,15.2,5.3,0.6,7.8,9.1,19.1,,0.1,0.2,0.3,.179,,-0.5,5.1,4.6,0.1
Ekpe Udoh,C-F,31,UTA,1,3,4.0,,,,39.0,0.0,19.8,0.0,0.0,22.2,100.0,13.9,,0.0,0.0,0.0,-0.116,,-8.6,13.3,4.7,0.0
Tyler Ulis,G,23,CHI,1,1,0.0,,,,0.0,0.0,0.0,0.0,0.0,0.0,,0.0,,0.0,0.0,0.0,-0.038,,-4.5,-2.0,-6.5,0.0
Jonas Valanciunas,C,26,TOR,3,54,17.5,.566,.105,.474,10.3,33.8,22.9,10.4,0.0,1.5,11.6,20.1,,0.1,0.1,0.2,.207,,-1.7,0.9,-0.8,0.0
Fred VanVleet,PG,24,TOR,3,80,13.9,.489,.412,.324,2.8,12.0,7.7,30.1,0.0,0.0,9.3,22.4,,0.1,0.1,0.2,.117,,0.5,-1.8,-1.3,0.0
Noah Vonleh,PF,23,NYK,3,50,26.2,.687,.000,1.200,17.3,46.1,30.4,17.3,0.0,1.8,6.1,13.3,,0.2,0.1,0.4,.350,,2.2,3.5,5.7,0.1
Nikola Vucevic,C,28,ORL,3,88,26.9,.614,.105,.211,9.6,22.9,16.0,39.3,1.6,3.7,16.2,23.3,,0.2,0.1,0.4,.199,,6.3,2.9,9.1,0.2
Dwyane Wade,SG,37,MIA,3,77,12.0,.459,.231,.205,10.2,18.6,14.3,19.3,1.2,2.1,19.0,26.8,,-0.1,0.1,0.0,-0.006,,-2.2,2.8,0.6,0.1
Kemba Walker,PG,28,CHO,3,105,28.7,.635,.500,.224,0.9,8.0,4.3,29.5,1.4,0.0,8.7,36.6,,0.4,0.2,0.6,.254,,12.5,-2.4,10.1,0.3
John Wall,G,28,WAS,2,70,27.1,.605,.313,.719,4.7,5.7,5.2,38.8,3.4,4.5,14.3,29.8,,0.2,0.1,0.3,.190,,7.6,0.5,8.1,0.2
Taurean Waller-Prince,SF,24,ATL,3,81,19.2,.620,.478,.239,1.4,19.9,10.7,19.6,2.7,0.9,19.1,31.2,,0.0,0.1,0.1,.082,,0.1,-2.4,-2.2,0.0
Brad Wanamaker,G,29,BOS,1,1,88.6,1.000,.000,.000,0.0,100.0,49.1,0.0,0.0,0.0,0.0,41.6,,0.0,0.0,0.0,1.433,,14.1,-13.7,0.4,0.0
T.J. Warren,SF,25,PHO,2,46,19.2,.641,.375,.167,7.0,2.4,4.7,8.7,2.1,1.9,13.4,29.5,,0.0,0.0,0.1,.094,,2.4,-2.1,0.3,0.0
Thomas Welsh,C,22,DEN,2,3,-8.9,.000,1.000,.000,0.0,32.9,16.9,0.0,0.0,0.0,0.0,14.0,,0.0,0.0,0.0,-0.211,,-15.3,-1.6,-17.0,0.0
Russell Westbrook,G,30,OKC,1,35,26.1,.575,.261,.478,5.1,30.0,16.5,55.3,0.0,0.0,15.2,36.2,,0.0,0.0,0.1,.099,,8.8,3.0,11.9,0.1
Hassan Whiteside,C,29,MIA,3,87,14.6,.483,.037,.519,12.5,37.6,24.8,0.0,0.5,4.7,10.8,16.8,,0.0,0.2,0.2,.113,,-6.9,-0.9,-7.8,-0.1
Andrew Wiggins,SF,23,MIN,3,101,15.4,.554,.313,.333,2.4,10.4,6.7,10.3,2.3,0.0,9.8,25.0,,0.1,0.0,0.1,.038,,-2.4,-5.5,-7.9,-0.2
C.J. Williams,G,28,MIN,1,8,-20.3,.000,1.000,.000,0.0,0.0,0.0,0.0,0.0,0.0,66.7,15.5,,-0.1,0.0,-0.1,-0.524,,-17.8,-5.0,-22.8,0.0
Kenrich Williams,G-F,24,NOP,1,2,0.0,,,,0.0,0.0,0.0,0.0,0.0,0.0,,0.0,,0.0,0.0,0.0,-0.001,,-1.6,3.9,2.3,0.0
Lou Williams,SG,32,LAC,3,76,11.8,.468,.421,.474,1.4,7.7,4.6,16.6,1.3,1.1,9.8,29.0,,-0.1,0.1,0.0,.027,,0.4,-1.0,-0.5,0.0
Marvin Williams,PF,32,CHO,3,76,11.6,.505,.708,.167,3.8,22.0,12.6,3.6,0.0,7.8,10.4,15.9,,0.0,0.2,0.1,.081,,-1.8,3.7,1.9,0.1
Christian Wood,F,23,MIL,2,11,6.0,.694,.500,1.000,0.0,16.9,9.2,0.0,0.0,0.0,25.8,14.5,,0.0,0.0,0.0,.045,,-2.9,-0.7,-3.7,0.0
Guerschon Yabusele,PF,23,BOS,2,7,8.9,1.000,.000,.000,0.0,0.0,0.0,0.0,0.0,0.0,0.0,5.9,,0.0,0.0,0.0,.177,,-0.6,-0.8,-1.3,0.0
Thaddeus Young,PF,30,IND,3,80,12.3,.605,.048,.143,5.9,9.5,7.7,8.0,1.8,1.2,18.3,14.6,,0.1,0.1,0.2,.113,,0.1,3.4,3.6,0.1
Trae Young,G,20,ATL,3,104,19.1,.581,.509,.182,1.1,9.3,5.2,36.3,0.9,0.7,11.9,26.1,,0.3,0.0,0.3,.137,,2.7,-5.5,-2.7,0.0
Cody Zeller,C,26,CHO,3,68,17.4,.659,.063,.313,10.0,18.4,14.1,10.0,2.1,0.0,9.9,12.5,,0.2,0.1,0.3,.242,,3.1,3.0,6.0,0.1
Ante Zizic,C,22,CLE,3,29,22.5,.687,.000,.667,10.3,15.9,12.9,20.9,1.6,0.0,14.7,18.8,,0.1,0.0,0.1,.163,,2.1,-2.0,0.1,0.0
